<application>
  <component name="ProjectJdkTable">
    <jdk version="2">
      <name value="Python 2.7" />
      <type value="Python SDK" />
      <version value="Python 2.7.10" />
      <homePath value="/usr/bin/python2.7" />
      <roots>
        <classPath>
          <root type="composite">
            <root url="file:///System/Library/Frameworks/Python.framework/Versions/2.7/lib/python2.7" type="simple" />
            <root url="file:///System/Library/Frameworks/Python.framework/Versions/2.7/lib/python2.7/plat-darwin" type="simple" />
            <root url="file:///System/Library/Frameworks/Python.framework/Versions/2.7/lib/python2.7/plat-mac" type="simple" />
            <root url="file:///System/Library/Frameworks/Python.framework/Versions/2.7/lib/python2.7/plat-mac/lib-scriptpackages" type="simple" />
            <root url="file:///System/Library/Frameworks/Python.framework/Versions/2.7/lib/python2.7/lib-tk" type="simple" />
            <root url="file:///System/Library/Frameworks/Python.framework/Versions/2.7/lib/python2.7/lib-dynload" type="simple" />
            <root url="file:///Library/Python/2.7/site-packages" type="simple" />
            <root url="file:///System/Library/Frameworks/Python.framework/Versions/2.7/Extras/lib/python" type="simple" />
            <root url="file:///System/Library/Frameworks/Python.framework/Versions/2.7/Extras/lib/python/PyObjC" type="simple" />
            <root url="file://$USER_HOME$/Library/Caches/PyCharmCE2019.1/python_stubs/-1247972723" type="simple" />
            <root url="file://$APPLICATION_HOME_DIR$/helpers/python-skeletons" type="simple" />
            <root url="file://$APPLICATION_HOME_DIR$/helpers/typeshed/stdlib/2" type="simple" />
            <root url="file://$APPLICATION_HOME_DIR$/helpers/typeshed/stdlib/2and3" type="simple" />
            <root url="file://$APPLICATION_HOME_DIR$/helpers/typeshed/third_party/2" type="simple" />
            <root url="file://$APPLICATION_HOME_DIR$/helpers/typeshed/third_party/2and3" type="simple" />
          </root>
        </classPath>
        <sourcePath>
          <root type="composite" />
        </sourcePath>
      </roots>
      <additional />
    </jdk>
    <jdk version="2">
      <name value="Python 3.5 (py35)" />
      <type value="Python SDK" />
      <version value="Python 3.6.8" />
      <homePath value="$USER_HOME$/anaconda3/envs/py35/bin/python" />
      <roots>
        <classPath>
          <root type="composite">
            <root url="file://$USER_HOME$/anaconda3/envs/py35/lib/python3.6" type="simple" />
            <root url="file://$USER_HOME$/anaconda3/envs/py35/lib/python3.6/lib-dynload" type="simple" />
            <root url="file://$USER_HOME$/anaconda3/envs/py35/lib/python3.6/site-packages" type="simple" />
            <root url="file://$USER_HOME$/anaconda3/envs/py35/lib/python3.6/site-packages/Mako-1.0.7-py3.6.egg" type="simple" />
            <root url="file://$USER_HOME$/Library/Caches/PyCharmCE2019.1/python_stubs/-3525123" type="simple" />
            <root url="file://$APPLICATION_HOME_DIR$/helpers/python-skeletons" type="simple" />
            <root url="file://$APPLICATION_HOME_DIR$/helpers/typeshed/stdlib/3" type="simple" />
            <root url="file://$APPLICATION_HOME_DIR$/helpers/typeshed/stdlib/2and3" type="simple" />
            <root url="file://$APPLICATION_HOME_DIR$/helpers/typeshed/third_party/3" type="simple" />
            <root url="file://$APPLICATION_HOME_DIR$/helpers/typeshed/third_party/2and3" type="simple" />
          </root>
        </classPath>
        <sourcePath>
          <root type="composite" />
        </sourcePath>
      </roots>
      <additional ASSOCIATED_PROJECT_PATH="$USER_HOME$/PycharmProjects/incubator-superset" />
    </jdk>
    <jdk version="2">
      <name value="Python 3.6 (py36)" />
      <type value="Python SDK" />
      <version value="Python 3.6.8" />
      <homePath value="$USER_HOME$/anaconda3/envs/py36/bin/python" />
      <roots>
        <classPath>
          <root type="composite">
            <root url="file://$USER_HOME$/anaconda3/envs/py36/lib/python3.6" type="simple" />
            <root url="file://$USER_HOME$/anaconda3/envs/py36/lib/python3.6/lib-dynload" type="simple" />
            <root url="file://$USER_HOME$/anaconda3/envs/py36/lib/python3.6/site-packages" type="simple" />
            <root url="file://$USER_HOME$/anaconda3/envs/py36/lib/python3.6/site-packages/Mako-1.0.7-py3.6.egg" type="simple" />
            <root url="file://$USER_HOME$/anaconda3/envs/py36/lib/python3.6/site-packages/apache_superset-0.999.0.dev0-py3.6.egg" type="simple" />
            <root url="file://$USER_HOME$/anaconda3/envs/py36/lib/python3.6/site-packages/WTForms_JSON-0.3.3-py3.6.egg" type="simple" />
            <root url="file://$USER_HOME$/anaconda3/envs/py36/lib/python3.6/site-packages/SQLAlchemy_Utils-0.33.11-py3.6.egg" type="simple" />
            <root url="file://$USER_HOME$/anaconda3/envs/py36/lib/python3.6/site-packages/python_dotenv-0.10.2-py3.6.egg" type="simple" />
            <root url="jar://$USER_HOME$/anaconda3/envs/py36/lib/python3.6/site-packages/parsedatetime-2.4-py3.6.egg!/" type="simple" />
            <root url="file://$USER_HOME$/anaconda3/envs/py36/lib/python3.6/site-packages/Markdown-3.1.1-py3.6.egg" type="simple" />
            <root url="file://$USER_HOME$/anaconda3/envs/py36/lib/python3.6/site-packages/gunicorn-19.9.0-py3.6.egg" type="simple" />
            <root url="file://$USER_HOME$/anaconda3/envs/py36/lib/python3.6/site-packages/geopy-1.20.0-py3.6.egg" type="simple" />
            <root url="file://$USER_HOME$/anaconda3/envs/py36/lib/python3.6/site-packages/Flask_Migrate-2.5.2-py3.6.egg" type="simple" />
            <root url="file://$USER_HOME$/anaconda3/envs/py36/lib/python3.6/site-packages/Flask_Caching-1.7.1-py3.6.egg" type="simple" />
            <root url="file://$USER_HOME$/anaconda3/envs/py36/lib/python3.6/site-packages/Flask_AppBuilder-2.1.3-py3.6.egg" type="simple" />
            <root url="file://$USER_HOME$/anaconda3/envs/py36/lib/python3.6/site-packages/croniter-0.3.30-py3.6.egg" type="simple" />
            <root url="file://$USER_HOME$/anaconda3/envs/py36/lib/python3.6/site-packages/celery-4.3.0-py3.6.egg" type="simple" />
            <root url="file://$USER_HOME$/anaconda3/envs/py36/lib/python3.6/site-packages/future-0.17.1-py3.6.egg" type="simple" />
            <root url="jar://$USER_HOME$/anaconda3/envs/py36/lib/python3.6/site-packages/geographiclib-1.49-py3.6.egg!/" type="simple" />
            <root url="file://$USER_HOME$/anaconda3/envs/py36/lib/python3.6/site-packages/Flask_SQLAlchemy-2.4.0-py3.6.egg" type="simple" />
            <root url="file://$USER_HOME$/anaconda3/envs/py36/lib/python3.6/site-packages/prison-0.1.1-py3.6.egg" type="simple" />
            <root url="file://$USER_HOME$/anaconda3/envs/py36/lib/python3.6/site-packages/marshmallow_sqlalchemy-0.16.3-py3.6.egg" type="simple" />
            <root url="file://$USER_HOME$/anaconda3/envs/py36/lib/python3.6/site-packages/Flask_JWT_Extended-3.18.2-py3.6.egg" type="simple" />
            <root url="file://$USER_HOME$/anaconda3/envs/py36/lib/python3.6/site-packages/Flask_Babel-0.12.2-py3.6.egg" type="simple" />
            <root url="file://$USER_HOME$/anaconda3/envs/py36/lib/python3.6/site-packages/vine-5.0.0a1-py3.6.egg" type="simple" />
            <root url="file://$USER_HOME$/anaconda3/envs/py36/lib/python3.6/site-packages/kombu-4.5.0-py3.6.egg" type="simple" />
            <root url="file://$USER_HOME$/anaconda3/envs/py36/lib/python3.6/site-packages/billiard-3.6.0.0-py3.6.egg" type="simple" />
            <root url="file://$USER_HOME$/anaconda3/envs/py36/lib/python3.6/site-packages/amqp-2.4.2-py3.6.egg" type="simple" />
            <root url="file://$USER_HOME$/Library/Caches/PyCharmCE2019.1/python_stubs/125557596" type="simple" />
            <root url="file://$APPLICATION_HOME_DIR$/helpers/python-skeletons" type="simple" />
            <root url="file://$APPLICATION_HOME_DIR$/helpers/typeshed/stdlib/3" type="simple" />
            <root url="file://$APPLICATION_HOME_DIR$/helpers/typeshed/stdlib/2and3" type="simple" />
            <root url="file://$APPLICATION_HOME_DIR$/helpers/typeshed/third_party/3" type="simple" />
            <root url="file://$APPLICATION_HOME_DIR$/helpers/typeshed/third_party/2and3" type="simple" />
          </root>
        </classPath>
        <sourcePath>
          <root type="composite" />
        </sourcePath>
      </roots>
      <additional ASSOCIATED_PROJECT_PATH="$USER_HOME$/PycharmProjects/incubator-superset" />
    </jdk>
    <jdk version="2">
      <name value="Python 2.7 (py27)" />
      <type value="Python SDK" />
      <version value="Python 2.7.16" />
      <homePath value="$USER_HOME$/anaconda3/envs/py27/bin/python" />
      <roots>
        <classPath>
          <root type="composite">
            <root url="file://$USER_HOME$/anaconda3/envs/py27/lib/python2.7" type="simple" />
            <root url="file://$USER_HOME$/anaconda3/envs/py27/lib/python2.7/plat-darwin" type="simple" />
            <root url="file://$USER_HOME$/anaconda3/envs/py27/lib/python2.7/plat-mac" type="simple" />
            <root url="file://$USER_HOME$/anaconda3/envs/py27/lib/python2.7/plat-mac/lib-scriptpackages" type="simple" />
            <root url="file://$USER_HOME$/anaconda3/envs/py27/lib/python2.7/lib-tk" type="simple" />
            <root url="file://$USER_HOME$/anaconda3/envs/py27/lib/python2.7/lib-dynload" type="simple" />
            <root url="file://$USER_HOME$/anaconda3/envs/py27/lib/python2.7/site-packages" type="simple" />
            <root url="file://$USER_HOME$/Library/Caches/PyCharmCE2019.1/python_stubs/548043322" type="simple" />
            <root url="file://$APPLICATION_HOME_DIR$/helpers/python-skeletons" type="simple" />
            <root url="file://$APPLICATION_HOME_DIR$/helpers/typeshed/stdlib/2" type="simple" />
            <root url="file://$APPLICATION_HOME_DIR$/helpers/typeshed/stdlib/2and3" type="simple" />
            <root url="file://$APPLICATION_HOME_DIR$/helpers/typeshed/third_party/2" type="simple" />
            <root url="file://$APPLICATION_HOME_DIR$/helpers/typeshed/third_party/2and3" type="simple" />
          </root>
        </classPath>
        <sourcePath>
          <root type="composite" />
        </sourcePath>
      </roots>
      <additional ASSOCIATED_PROJECT_PATH="$USER_HOME$/timplus_bdh" />
    </jdk>
  </component>
</application>